timeStamp,elapsed,label,responseCode,responseMessage,threadName,dataType,success,failureMessage,bytes,sentBytes,grpThreads,allThreads,URL,Latency,IdleTime,Connect
1651763976035,459,conf #2 req,200,OK,conf #2 users 1-1,text,true,,367,158,115,115,http://localhost:8083/?token=468481842&user=2022905882&conf=2,459,0,1
1651763976042,461,conf #2 req,200,OK,conf #2 users 1-3,text,true,,367,158,116,116,http://localhost:8083/?token=468481842&user=2022905882&conf=2,461,0,1
1651763976038,465,conf #2 req,200,OK,conf #2 users 1-2,text,true,,367,158,116,116,http://localhost:8083/?token=468481842&user=2022905882&conf=2,465,0,0
1651763976050,454,conf #2 req,200,OK,conf #2 users 1-5,text,true,,367,158,116,116,http://localhost:8083/?token=468481842&user=2022905882&conf=2,454,0,1
1651763976054,470,conf #2 req,200,OK,conf #2 users 1-6,text,true,,367,158,118,118,http://localhost:8083/?token=468481842&user=2022905882&conf=2,470,0,1
1651763976046,478,conf #2 req,200,OK,conf #2 users 1-4,text,true,,367,158,118,118,http://localhost:8083/?token=468481842&user=2022905882&conf=2,478,0,0
1651763976058,468,conf #2 req,200,OK,conf #2 users 1-7,text,true,,367,158,117,117,http://localhost:8083/?token=468481842&user=2022905882&conf=2,468,0,1
1651763976062,464,conf #2 req,200,OK,conf #2 users 1-8,text,true,,367,158,117,117,http://localhost:8083/?token=468481842&user=2022905882&conf=2,464,0,1
1651763976075,451,conf #2 req,200,OK,conf #2 users 1-11,text,true,,367,158,116,116,http://localhost:8083/?token=468481842&user=2022905882&conf=2,451,0,0
1651763976071,466,conf #2 req,200,OK,conf #2 users 1-10,text,true,,367,158,114,114,http://localhost:8083/?token=468481842&user=2022905882&conf=2,466,0,0
1651763976067,470,conf #2 req,200,OK,conf #2 users 1-9,text,true,,367,158,114,114,http://localhost:8083/?token=468481842&user=2022905882&conf=2,470,0,0
1651763976094,456,conf #2 req,200,OK,conf #2 users 1-16,text,true,,367,158,118,118,http://localhost:8083/?token=468481842&user=2022905882&conf=2,456,0,1
1651763976091,459,conf #2 req,200,OK,conf #2 users 1-15,text,true,,367,158,118,118,http://localhost:8083/?token=468481842&user=2022905882&conf=2,459,0,0
1651763976079,473,conf #2 req,200,OK,conf #2 users 1-12,text,true,,367,158,116,116,http://localhost:8083/?token=468481842&user=2022905882&conf=2,473,0,1
1651763976083,469,conf #2 req,200,OK,conf #2 users 1-13,text,true,,367,158,116,116,http://localhost:8083/?token=468481842&user=2022905882&conf=2,469,0,0
1651763976087,465,conf #2 req,200,OK,conf #2 users 1-14,text,true,,367,158,115,115,http://localhost:8083/?token=468481842&user=2022905882&conf=2,465,0,0
1651763976103,472,conf #2 req,200,OK,conf #2 users 1-18,text,true,,367,158,119,119,http://localhost:8083/?token=468481842&user=2022905882&conf=2,472,0,1
1651763976106,469,conf #2 req,200,OK,conf #2 users 1-19,text,true,,367,158,119,119,http://localhost:8083/?token=468481842&user=2022905882&conf=2,469,0,0
1651763976114,461,conf #2 req,200,OK,conf #2 users 1-21,text,true,,367,158,118,118,http://localhost:8083/?token=468481842&user=2022905882&conf=2,461,0,0
1651763976110,482,conf #2 req,200,OK,conf #2 users 1-20,text,true,,367,158,120,120,http://localhost:8083/?token=468481842&user=2022905882&conf=2,482,0,1
1651763976099,493,conf #2 req,200,OK,conf #2 users 1-17,text,true,,367,158,120,120,http://localhost:8083/?token=468481842&user=2022905882&conf=2,493,0,1
1651763976120,482,conf #2 req,200,OK,conf #2 users 1-22,text,true,,367,158,121,121,http://localhost:8083/?token=468481842&user=2022905882&conf=2,482,0,0
1651763976127,475,conf #2 req,200,OK,conf #2 users 1-24,text,true,,367,158,121,121,http://localhost:8083/?token=468481842&user=2022905882&conf=2,475,0,0
1651763976131,485,conf #2 req,200,OK,conf #2 users 1-25,text,true,,367,158,123,123,http://localhost:8083/?token=468481842&user=2022905882&conf=2,485,0,0
1651763976123,493,conf #2 req,200,OK,conf #2 users 1-23,text,true,,367,158,123,123,http://localhost:8083/?token=468481842&user=2022905882&conf=2,493,0,0
1651763976136,484,conf #2 req,200,OK,conf #2 users 1-26,text,true,,367,158,121,121,http://localhost:8083/?token=468481842&user=2022905882&conf=2,484,0,1
1651763976144,476,conf #2 req,200,OK,conf #2 users 1-28,text,true,,367,158,121,121,http://localhost:8083/?token=468481842&user=2022905882&conf=2,476,0,3
1651763976151,469,conf #2 req,200,OK,conf #2 users 1-30,text,true,,367,158,121,121,http://localhost:8083/?token=468481842&user=2022905882&conf=2,469,0,0
1651763976147,480,conf #2 req,200,OK,conf #2 users 1-29,text,true,,367,158,120,120,http://localhost:8083/?token=468481842&user=2022905882&conf=2,480,0,0
1651763976140,487,conf #2 req,200,OK,conf #2 users 1-27,text,true,,367,158,119,119,http://localhost:8083/?token=468481842&user=2022905882&conf=2,487,0,0
1651763976164,481,conf #2 req,200,OK,conf #2 users 1-33,text,true,,367,158,123,123,http://localhost:8083/?token=468481842&user=2022905882&conf=2,481,0,0
1651763976155,490,conf #2 req,200,OK,conf #2 users 1-31,text,true,,367,158,123,123,http://localhost:8083/?token=468481842&user=2022905882&conf=2,490,0,0
1651763976168,478,conf #2 req,200,OK,conf #2 users 1-34,text,true,,367,158,121,121,http://localhost:8083/?token=468481842&user=2022905882&conf=2,478,0,0
1651763976159,487,conf #2 req,200,OK,conf #2 users 1-32,text,true,,367,158,120,120,http://localhost:8083/?token=468481842&user=2022905882&conf=2,487,0,0
1651763976172,475,conf #2 req,200,OK,conf #2 users 1-35,text,true,,367,158,119,119,http://localhost:8083/?token=468481842&user=2022905882&conf=2,475,0,0
1651763976180,488,conf #2 req,200,OK,conf #2 users 1-37,text,true,,367,158,123,123,http://localhost:8083/?token=468481842&user=2022905882&conf=2,488,0,0
1651763976177,493,conf #2 req,200,OK,conf #2 users 1-36,text,true,,367,158,124,124,http://localhost:8083/?token=468481842&user=2022905882&conf=2,493,0,2
1651763976184,486,conf #2 req,200,OK,conf #2 users 1-38,text,true,,367,158,124,124,http://localhost:8083/?token=468481842&user=2022905882&conf=2,486,0,0
1651763976191,479,conf #2 req,200,OK,conf #2 users 1-40,text,true,,367,158,124,124,http://localhost:8083/?token=468481842&user=2022905882&conf=2,479,0,1
1651763976187,502,conf #2 req,200,OK,conf #2 users 1-39,text,true,,367,158,125,125,http://localhost:8083/?token=468481842&user=2022905882&conf=2,502,0,0
1651763976211,482,conf #2 req,200,OK,conf #2 users 1-45,text,true,,367,158,124,124,http://localhost:8083/?token=468481842&user=2022905882&conf=2,482,0,1
1651763976206,487,conf #2 req,200,OK,conf #2 users 1-44,text,true,,367,158,124,124,http://localhost:8083/?token=468481842&user=2022905882&conf=2,487,0,0
1651763976195,499,conf #2 req,200,OK,conf #2 users 1-41,text,true,,367,158,123,123,http://localhost:8083/?token=468481842&user=2022905882&conf=2,499,0,0
1651763976198,497,conf #2 req,200,OK,conf #2 users 1-42,text,true,,367,158,123,123,http://localhost:8083/?token=468481842&user=2022905882&conf=2,497,0,0
1651763976206,489,conf #2 req,200,OK,conf #2 users 1-43,text,true,,367,158,123,123,http://localhost:8083/?token=468481842&user=2022905882&conf=2,489,0,0
1651763976223,495,conf #2 req,200,OK,conf #2 users 1-48,text,true,,367,158,126,126,http://localhost:8083/?token=468481842&user=2022905882&conf=2,495,0,1
1651763976219,499,conf #2 req,200,OK,conf #2 users 1-47,text,true,,367,158,126,126,http://localhost:8083/?token=468481842&user=2022905882&conf=2,499,0,0
1651763976215,504,conf #2 req,200,OK,conf #2 users 1-46,text,true,,367,158,124,124,http://localhost:8083/?token=468481842&user=2022905882&conf=2,504,0,0
1651763976232,487,conf #2 req,200,OK,conf #2 users 1-50,text,true,,367,158,124,124,http://localhost:8083/?token=468481842&user=2022905882&conf=2,487,0,0
1651763976228,491,conf #2 req,200,OK,conf #2 users 1-49,text,true,,367,158,122,122,http://localhost:8083/?token=468481842&user=2022905882&conf=2,491,0,0
1651763976240,501,conf #2 req,200,OK,conf #2 users 1-52,text,true,,367,158,125,125,http://localhost:8083/?token=468481842&user=2022905882&conf=2,501,0,0
1651763976236,505,conf #2 req,200,OK,conf #2 users 1-51,text,true,,367,158,125,125,http://localhost:8083/?token=468481842&user=2022905882&conf=2,505,0,0
1651763976244,516,conf #2 req,200,OK,conf #2 users 1-53,text,true,,367,158,129,129,http://localhost:8083/?token=468481842&user=2022905882&conf=2,516,0,0
1651763976251,509,conf #2 req,200,OK,conf #2 users 1-54,text,true,,367,158,129,129,http://localhost:8083/?token=468481842&user=2022905882&conf=2,509,0,1
1651763976257,508,conf #2 req,200,OK,conf #2 users 1-56,text,true,,367,158,128,128,http://localhost:8083/?token=468481842&user=2022905882&conf=2,508,0,0
1651763976261,504,conf #2 req,200,OK,conf #2 users 1-57,text,true,,367,158,128,128,http://localhost:8083/?token=468481842&user=2022905882&conf=2,504,0,0
1651763976269,496,conf #2 req,200,OK,conf #2 users 1-59,text,true,,367,158,128,128,http://localhost:8083/?token=468481842&user=2022905882&conf=2,496,0,0
1651763976255,515,conf #2 req,200,OK,conf #2 users 1-55,text,true,,367,158,126,126,http://localhost:8083/?token=468481842&user=2022905882&conf=2,515,0,0
1651763976273,497,conf #2 req,200,OK,conf #2 users 1-60,text,true,,367,158,126,126,http://localhost:8083/?token=468481842&user=2022905882&conf=2,497,0,0
1651763976265,505,conf #2 req,200,OK,conf #2 users 1-58,text,true,,367,158,124,124,http://localhost:8083/?token=468481842&user=2022905882&conf=2,505,0,0
1651763976276,514,conf #2 req,200,OK,conf #2 users 1-61,text,true,,367,158,128,128,http://localhost:8083/?token=468481842&user=2022905882&conf=2,514,0,0
1651763976280,513,conf #2 req,200,OK,conf #2 users 1-62,text,true,,367,158,128,128,http://localhost:8083/?token=468481842&user=2022905882&conf=2,513,0,0
1651763976283,510,conf #2 req,200,OK,conf #2 users 1-63,text,true,,367,158,128,128,http://localhost:8083/?token=468481842&user=2022905882&conf=2,510,0,1
1651763976287,506,conf #2 req,200,OK,conf #2 users 1-64,text,true,,367,158,126,126,http://localhost:8083/?token=468481842&user=2022905882&conf=2,506,0,1
1651763976297,519,conf #2 req,200,OK,conf #2 users 1-66,text,true,,367,158,132,132,http://localhost:8083/?token=468481842&user=2022905882&conf=2,519,0,0
1651763976310,506,conf #2 req,200,OK,conf #2 users 1-70,text,true,,367,158,132,132,http://localhost:8083/?token=468481842&user=2022905882&conf=2,506,0,0
1651763976301,515,conf #2 req,200,OK,conf #2 users 1-67,text,true,,367,158,132,132,http://localhost:8083/?token=468481842&user=2022905882&conf=2,515,0,0
1651763976305,515,conf #2 req,200,OK,conf #2 users 1-68,text,true,,367,158,129,129,http://localhost:8083/?token=468481842&user=2022905882&conf=2,515,0,0
1651763976299,521,conf #2 req,200,OK,conf #2 users 1-65,text,true,,367,158,129,129,http://localhost:8083/?token=468481842&user=2022905882&conf=2,521,0,0
1651763976309,511,conf #2 req,200,OK,conf #2 users 1-69,text,true,,367,158,129,129,http://localhost:8083/?token=468481842&user=2022905882&conf=2,511,0,0
1651763976332,512,conf #2 req,200,OK,conf #2 users 1-74,text,true,,367,158,131,131,http://localhost:8083/?token=468481842&user=2022905882&conf=2,512,0,0
1651763976331,513,conf #2 req,200,OK,conf #2 users 1-73,text,true,,367,158,131,131,http://localhost:8083/?token=468481842&user=2022905882&conf=2,513,0,1
1651763976317,527,conf #2 req,200,OK,conf #2 users 1-71,text,true,,367,158,129,129,http://localhost:8083/?token=468481842&user=2022905882&conf=2,527,0,0
1651763976321,542,conf #2 req,200,OK,conf #2 users 1-72,text,true,,367,158,135,135,http://localhost:8083/?token=468481842&user=2022905882&conf=2,542,0,0
1651763976333,530,conf #2 req,200,OK,conf #2 users 1-75,text,true,,367,158,134,134,http://localhost:8083/?token=468481842&user=2022905882&conf=2,530,0,0
1651763976345,523,conf #2 req,200,OK,conf #2 users 1-78,text,true,,367,158,133,133,http://localhost:8083/?token=468481842&user=2022905882&conf=2,523,0,1
1651763976342,527,conf #2 req,200,OK,conf #2 users 1-77,text,true,,367,158,133,133,http://localhost:8083/?token=468481842&user=2022905882&conf=2,527,0,1
1651763976337,547,conf #2 req,200,OK,conf #2 users 1-76,text,true,,367,158,134,134,http://localhost:8083/?token=468481842&user=2022905882&conf=2,547,0,1
1651763976350,534,conf #2 req,200,OK,conf #2 users 1-79,text,true,,367,158,133,133,http://localhost:8083/?token=468481842&user=2022905882&conf=2,534,0,1
1651763976366,528,conf #2 req,200,OK,conf #2 users 1-84,text,true,,367,158,135,135,http://localhost:8083/?token=468481842&user=2022905882&conf=2,528,0,0
1651763976354,540,conf #2 req,200,OK,conf #2 users 1-80,text,true,,367,158,135,135,http://localhost:8083/?token=468481842&user=2022905882&conf=2,540,0,0
1651763976358,539,conf #2 req,200,OK,conf #2 users 1-81,text,true,,367,158,134,134,http://localhost:8083/?token=468481842&user=2022905882&conf=2,539,0,1
1651763976370,527,conf #2 req,200,OK,conf #2 users 1-85,text,true,,367,158,134,134,http://localhost:8083/?token=468481842&user=2022905882&conf=2,527,0,1
1651763976361,536,conf #2 req,200,OK,conf #2 users 1-82,text,true,,367,158,134,134,http://localhost:8083/?token=468481842&user=2022905882&conf=2,536,0,1
1651763976366,552,conf #2 req,200,OK,conf #2 users 1-83,text,true,,367,158,136,136,http://localhost:8083/?token=468481842&user=2022905882&conf=2,552,0,0
1651763976379,541,conf #2 req,200,OK,conf #2 users 1-86,text,true,,367,158,136,136,http://localhost:8083/?token=468481842&user=2022905882&conf=2,541,0,3
1651763976389,531,conf #2 req,200,OK,conf #2 users 1-89,text,true,,367,158,136,136,http://localhost:8083/?token=468481842&user=2022905882&conf=2,531,0,0
1651763976385,535,conf #2 req,200,OK,conf #2 users 1-88,text,true,,367,158,136,136,http://localhost:8083/?token=468481842&user=2022905882&conf=2,535,0,0
1651763976381,558,conf #2 req,200,OK,conf #2 users 1-87,text,true,,367,158,137,137,http://localhost:8083/?token=468481842&user=2022905882&conf=2,558,0,0
1651763976393,546,conf #2 req,200,OK,conf #2 users 1-90,text,true,,367,158,137,137,http://localhost:8083/?token=468481842&user=2022905882&conf=2,546,0,0
1651763976398,549,conf #2 req,200,OK,conf #2 users 1-91,text,true,,367,158,138,138,http://localhost:8083/?token=468481842&user=2022905882&conf=2,549,0,0
1651763976402,545,conf #2 req,200,OK,conf #2 users 1-92,text,true,,367,158,138,138,http://localhost:8083/?token=468481842&user=2022905882&conf=2,545,0,0
1651763976406,542,conf #2 req,200,OK,conf #2 users 1-93,text,true,,367,158,136,136,http://localhost:8083/?token=468481842&user=2022905882&conf=2,542,0,0
1651763976409,539,conf #2 req,200,OK,conf #2 users 1-94,text,true,,367,158,136,136,http://localhost:8083/?token=468481842&user=2022905882&conf=2,539,0,1
1651763976413,535,conf #2 req,200,OK,conf #2 users 1-95,text,true,,367,158,136,136,http://localhost:8083/?token=468481842&user=2022905882&conf=2,535,0,1
1651763976421,552,conf #2 req,200,OK,conf #2 users 1-97,text,true,,367,158,139,139,http://localhost:8083/?token=468481842&user=2022905882&conf=2,552,0,1
1651763976429,544,conf #2 req,200,OK,conf #2 users 1-99,text,true,,367,158,139,139,http://localhost:8083/?token=468481842&user=2022905882&conf=2,544,0,1
1651763976425,565,conf #2 req,200,OK,conf #2 users 1-98,text,true,,367,158,141,141,http://localhost:8083/?token=468481842&user=2022905882&conf=2,565,0,1
1651763976421,569,conf #2 req,200,OK,conf #2 users 1-96,text,true,,367,158,141,141,http://localhost:8083/?token=468481842&user=2022905882&conf=2,569,0,1
1651763976433,563,conf #2 req,200,OK,conf #2 users 1-100,text,true,,367,158,141,141,http://localhost:8083/?token=468481842&user=2022905882&conf=2,563,0,1
1651763976445,551,conf #2 req,200,OK,conf #2 users 1-103,text,true,,367,158,141,141,http://localhost:8083/?token=468481842&user=2022905882&conf=2,551,0,1
1651763976441,559,conf #2 req,200,OK,conf #2 users 1-101,text,true,,367,158,141,141,http://localhost:8083/?token=468481842&user=2022905882&conf=2,559,0,0
1651763976447,553,conf #2 req,200,OK,conf #2 users 1-104,text,true,,367,158,141,141,http://localhost:8083/?token=468481842&user=2022905882&conf=2,553,0,0
1651763976441,559,conf #2 req,200,OK,conf #2 users 1-102,text,true,,367,158,141,141,http://localhost:8083/?token=468481842&user=2022905882&conf=2,559,0,0
1651763976458,567,conf #2 req,200,OK,conf #2 users 1-106,text,true,,367,158,143,143,http://localhost:8083/?token=468481842&user=2022905882&conf=2,567,0,0
1651763976462,563,conf #2 req,200,OK,conf #2 users 1-107,text,true,,367,158,143,143,http://localhost:8083/?token=468481842&user=2022905882&conf=2,563,0,0
1651763976465,560,conf #2 req,200,OK,conf #2 users 1-108,text,true,,367,158,143,143,http://localhost:8083/?token=468481842&user=2022905882&conf=2,560,0,1
1651763976481,556,conf #2 req,200,OK,conf #2 users 1-111,text,true,,367,158,143,143,http://localhost:8083/?token=468481842&user=2022905882&conf=2,556,0,0
1651763976469,568,conf #2 req,200,OK,conf #2 users 1-109,text,true,,367,158,143,143,http://localhost:8083/?token=468481842&user=2022905882&conf=2,568,0,1
1651763976454,583,conf #2 req,200,OK,conf #2 users 1-105,text,true,,367,158,143,143,http://localhost:8083/?token=468481842&user=2022905882&conf=2,583,0,1
1651763976473,575,conf #2 req,200,OK,conf #2 users 1-110,text,true,,367,158,143,143,http://localhost:8083/?token=468481842&user=2022905882&conf=2,575,0,1
1651763976481,567,conf #2 req,200,OK,conf #2 users 1-112,text,true,,367,158,143,143,http://localhost:8083/?token=468481842&user=2022905882&conf=2,567,0,0
1651763976501,563,conf #2 req,200,OK,conf #2 users 1-117,text,true,,367,158,146,146,http://localhost:8083/?token=468481842&user=2022905882&conf=2,563,0,0
1651763976486,578,conf #2 req,200,OK,conf #2 users 1-114,text,true,,367,158,146,146,http://localhost:8083/?token=468481842&user=2022905882&conf=2,578,0,0
1651763976484,585,conf #2 req,200,OK,conf #2 users 1-113,text,true,,367,158,144,144,http://localhost:8083/?token=468481842&user=2022905882&conf=2,585,0,0
1651763976493,576,conf #2 req,200,OK,conf #2 users 1-115,text,true,,367,158,144,144,http://localhost:8083/?token=468481842&user=2022905882&conf=2,576,0,0
1651763976497,572,conf #2 req,200,OK,conf #2 users 1-116,text,true,,367,158,142,142,http://localhost:8083/?token=468481842&user=2022905882&conf=2,572,0,0
1651763976509,572,conf #2 req,200,OK,conf #2 users 1-118,text,true,,367,158,144,144,http://localhost:8083/?token=468481842&user=2022905882&conf=2,572,0,1
1651763976513,568,conf #2 req,200,OK,conf #2 users 1-119,text,true,,367,158,144,144,http://localhost:8083/?token=468481842&user=2022905882&conf=2,568,0,0
1651763976525,576,conf #2 req,200,OK,conf #2 users 1-123,text,true,,367,158,148,148,http://localhost:8083/?token=468481842&user=2022905882&conf=2,576,0,0
1651763976521,584,conf #2 req,200,OK,conf #2 users 1-122,text,true,,367,158,147,147,http://localhost:8083/?token=468481842&user=2022905882&conf=2,584,0,2
1651763976517,588,conf #2 req,200,OK,conf #2 users 1-121,text,true,,367,158,147,147,http://localhost:8083/?token=468481842&user=2022905882&conf=2,588,0,1
1651763976513,592,conf #2 req,200,OK,conf #2 users 1-120,text,true,,367,158,147,147,http://localhost:8083/?token=468481842&user=2022905882&conf=2,592,0,1
1651763976537,595,conf #2 req,200,OK,conf #2 users 1-126,text,true,,367,158,151,151,http://localhost:8083/?token=468481842&user=2022905882&conf=2,595,0,1
1651763976550,582,conf #2 req,200,OK,conf #2 users 1-129,text,true,,367,158,150,150,http://localhost:8083/?token=468481842&user=2022905882&conf=2,582,0,0
1651763976541,591,conf #2 req,200,OK,conf #2 users 1-125,text,true,,367,158,150,150,http://localhost:8083/?token=468481842&user=2022905882&conf=2,591,0,0
1651763976541,595,conf #2 req,200,OK,conf #2 users 1-127,text,true,,367,158,148,148,http://localhost:8083/?token=468481842&user=2022905882&conf=2,595,0,0
1651763976545,591,conf #2 req,200,OK,conf #2 users 1-128,text,true,,367,158,148,148,http://localhost:8083/?token=468481842&user=2022905882&conf=2,591,0,0
1651763976537,599,conf #2 req,200,OK,conf #2 users 1-124,text,true,,367,158,148,148,http://localhost:8083/?token=468481842&user=2022905882&conf=2,599,0,0
1651763976557,604,conf #2 req,200,OK,conf #2 users 1-131,text,true,,367,158,152,152,http://localhost:8083/?token=468481842&user=2022905882&conf=2,604,0,0
1651763976557,604,conf #2 req,200,OK,conf #2 users 1-130,text,true,,367,158,152,152,http://localhost:8083/?token=468481842&user=2022905882&conf=2,604,0,1
1651763976561,600,conf #2 req,200,OK,conf #2 users 1-132,text,true,,367,158,152,152,http://localhost:8083/?token=468481842&user=2022905882&conf=2,600,0,0
1651763976574,600,conf #2 req,200,OK,conf #2 users 1-135,text,true,,367,158,153,153,http://localhost:8083/?token=468481842&user=2022905882&conf=2,600,0,0
1651763976565,609,conf #2 req,200,OK,conf #2 users 1-133,text,true,,367,158,153,153,http://localhost:8083/?token=468481842&user=2022905882&conf=2,609,0,0
1651763976573,611,conf #2 req,200,OK,conf #2 users 1-134,text,true,,367,158,153,153,http://localhost:8083/?token=468481842&user=2022905882&conf=2,611,0,0
1651763976578,606,conf #2 req,200,OK,conf #2 users 1-136,text,true,,367,158,153,153,http://localhost:8083/?token=468481842&user=2022905882&conf=2,606,0,0
1651763976581,615,conf #2 req,200,OK,conf #2 users 1-137,text,true,,367,158,154,154,http://localhost:8083/?token=468481842&user=2022905882&conf=2,615,0,1
1651763976589,607,conf #2 req,200,OK,conf #2 users 1-139,text,true,,367,158,154,154,http://localhost:8083/?token=468481842&user=2022905882&conf=2,607,0,1
1651763976586,626,conf #2 req,200,OK,conf #2 users 1-138,text,true,,367,158,157,157,http://localhost:8083/?token=468481842&user=2022905882&conf=2,626,0,0
1651763976601,611,conf #2 req,200,OK,conf #2 users 1-142,text,true,,367,158,157,157,http://localhost:8083/?token=468481842&user=2022905882&conf=2,611,0,0
1651763976592,620,conf #2 req,200,OK,conf #2 users 1-140,text,true,,367,158,155,155,http://localhost:8083/?token=468481842&user=2022905882&conf=2,620,0,1
1651763976606,616,conf #2 req,200,OK,conf #2 users 1-144,text,true,,367,158,155,155,http://localhost:8083/?token=468481842&user=2022905882&conf=2,616,0,0
1651763976601,621,conf #2 req,200,OK,conf #2 users 1-141,text,true,,367,158,155,155,http://localhost:8083/?token=468481842&user=2022905882&conf=2,621,0,1
1651763976686,692,conf #2 req,200,OK,conf #2 users 1-164,text,true,,367,158,192,192,http://localhost:8083/?token=468481842&user=2022905882&conf=2,692,0,0
1651763976694,684,conf #2 req,200,OK,conf #2 users 1-165,text,true,,367,158,192,192,http://localhost:8083/?token=468481842&user=2022905882&conf=2,684,0,0
1651763976687,691,conf #2 req,200,OK,conf #2 users 1-161,text,true,,367,158,192,192,http://localhost:8083/?token=468481842&user=2022905882&conf=2,691,0,0
1651763976698,680,conf #2 req,200,OK,conf #2 users 1-166,text,true,,367,158,192,192,http://localhost:8083/?token=468481842&user=2022905882&conf=2,680,0,0
1651763976702,676,conf #2 req,200,OK,conf #2 users 1-168,text,true,,367,158,192,192,http://localhost:8083/?token=468481842&user=2022905882&conf=2,676,0,1
1651763976714,664,conf #2 req,200,OK,conf #2 users 1-170,text,true,,367,158,189,189,http://localhost:8083/?token=468481842&user=2022905882&conf=2,664,0,0
1651763976669,709,conf #2 req,200,OK,conf #2 users 1-159,text,true,,367,158,189,189,http://localhost:8083/?token=468481842&user=2022905882&conf=2,709,0,1
1651763976658,720,conf #2 req,200,OK,conf #2 users 1-156,text,true,,367,158,187,187,http://localhost:8083/?token=468481842&user=2022905882&conf=2,720,0,0
1651763976702,676,conf #2 req,200,OK,conf #2 users 1-167,text,true,,367,158,187,187,http://localhost:8083/?token=468481842&user=2022905882&conf=2,676,0,0
1651763976681,697,conf #2 req,200,OK,conf #2 users 1-162,text,true,,367,158,186,186,http://localhost:8083/?token=468481842&user=2022905882&conf=2,697,0,1
1651763976670,708,conf #2 req,200,OK,conf #2 users 1-160,text,true,,367,158,186,186,http://localhost:8083/?token=468481842&user=2022905882&conf=2,708,0,0
1651763976634,744,conf #2 req,200,OK,conf #2 users 1-150,text,true,,367,158,185,185,http://localhost:8083/?token=468481842&user=2022905882&conf=2,744,0,0
1651763976665,713,conf #2 req,200,OK,conf #2 users 1-158,text,true,,367,158,184,184,http://localhost:8083/?token=468481842&user=2022905882&conf=2,713,0,0
1651763976638,740,conf #2 req,200,OK,conf #2 users 1-151,text,true,,367,158,182,182,http://localhost:8083/?token=468481842&user=2022905882&conf=2,740,0,0
1651763976626,752,conf #2 req,200,OK,conf #2 users 1-148,text,true,,367,158,180,180,http://localhost:8083/?token=468481842&user=2022905882&conf=2,752,0,0
1651763976654,725,conf #2 req,200,OK,conf #2 users 1-154,text,true,,367,158,180,180,http://localhost:8083/?token=468481842&user=2022905882&conf=2,725,0,0
1651763976654,725,conf #2 req,200,OK,conf #2 users 1-155,text,true,,367,158,180,180,http://localhost:8083/?token=468481842&user=2022905882&conf=2,725,0,0
1651763976642,737,conf #2 req,200,OK,conf #2 users 1-153,text,true,,367,158,176,176,http://localhost:8083/?token=468481842&user=2022905882&conf=2,737,0,0
1651763976623,756,conf #2 req,200,OK,conf #2 users 1-147,text,true,,367,158,180,180,http://localhost:8083/?token=468481842&user=2022905882&conf=2,756,0,2
1651763976642,737,conf #2 req,200,OK,conf #2 users 1-152,text,true,,367,158,176,176,http://localhost:8083/?token=468481842&user=2022905882&conf=2,737,0,0
1651763976662,718,conf #2 req,200,OK,conf #2 users 1-157,text,true,,367,158,173,173,http://localhost:8083/?token=468481842&user=2022905882&conf=2,718,0,0
1651763976685,695,conf #2 req,200,OK,conf #2 users 1-163,text,true,,367,158,172,172,http://localhost:8083/?token=468481842&user=2022905882&conf=2,695,0,0
1651763976609,771,conf #2 req,200,OK,conf #2 users 1-143,text,true,,367,158,172,172,http://localhost:8083/?token=468481842&user=2022905882&conf=2,771,0,1
1651763976630,750,conf #2 req,200,OK,conf #2 users 1-149,text,true,,367,158,171,171,http://localhost:8083/?token=468481842&user=2022905882&conf=2,750,0,0
1651763976613,767,conf #2 req,200,OK,conf #2 users 1-145,text,true,,367,158,169,169,http://localhost:8083/?token=468481842&user=2022905882&conf=2,767,0,1
1651763976714,666,conf #2 req,200,OK,conf #2 users 1-169,text,true,,367,158,169,169,http://localhost:8083/?token=468481842&user=2022905882&conf=2,666,0,0
1651763976717,669,conf #2 req,200,OK,conf #2 users 1-171,text,true,,367,158,168,168,http://localhost:8083/?token=468481842&user=2022905882&conf=2,669,0,1
1651763976614,772,conf #2 req,200,OK,conf #2 users 1-146,text,true,,367,158,168,168,http://localhost:8083/?token=468481842&user=2022905882&conf=2,772,0,1
1651763976727,693,conf #2 req,200,OK,conf #2 users 1-174,text,true,,367,158,174,174,http://localhost:8083/?token=468481842&user=2022905882&conf=2,693,0,0
1651763976730,690,conf #2 req,200,OK,conf #2 users 1-173,text,true,,367,158,173,173,http://localhost:8083/?token=468481842&user=2022905882&conf=2,690,0,0
1651763976734,686,conf #2 req,200,OK,conf #2 users 1-175,text,true,,367,158,172,172,http://localhost:8083/?token=468481842&user=2022905882&conf=2,686,0,1
1651763976741,682,conf #2 req,200,OK,conf #2 users 1-176,text,true,,367,158,173,173,http://localhost:8083/?token=468481842&user=2022905882&conf=2,682,0,1
1651763976742,682,conf #2 req,200,OK,conf #2 users 1-177,text,true,,367,158,172,172,http://localhost:8083/?token=468481842&user=2022905882&conf=2,682,0,0
1651763976726,698,conf #2 req,200,OK,conf #2 users 1-172,text,true,,367,158,172,172,http://localhost:8083/?token=468481842&user=2022905882&conf=2,698,0,0
1651763976745,695,conf #2 req,200,OK,conf #2 users 1-178,text,true,,367,158,173,173,http://localhost:8083/?token=468481842&user=2022905882&conf=2,695,0,1
1651763976762,691,conf #2 req,200,OK,conf #2 users 1-182,text,true,,367,158,175,175,http://localhost:8083/?token=468481842&user=2022905882&conf=2,691,0,0
1651763976765,693,conf #2 req,200,OK,conf #2 users 1-183,text,true,,367,158,174,174,http://localhost:8083/?token=468481842&user=2022905882&conf=2,693,0,0
1651763976757,701,conf #2 req,200,OK,conf #2 users 1-181,text,true,,367,158,174,174,http://localhost:8083/?token=468481842&user=2022905882&conf=2,701,0,0
1651763976749,709,conf #2 req,200,OK,conf #2 users 1-179,text,true,,367,158,174,174,http://localhost:8083/?token=468481842&user=2022905882&conf=2,709,0,0
1651763976753,726,conf #2 req,200,OK,conf #2 users 1-180,text,true,,367,158,179,179,http://localhost:8083/?token=468481842&user=2022905882&conf=2,726,0,0
1651763976774,713,conf #2 req,200,OK,conf #2 users 1-184,text,true,,367,158,179,179,http://localhost:8083/?token=468481842&user=2022905882&conf=2,713,0,0
1651763976778,709,conf #2 req,200,OK,conf #2 users 1-185,text,true,,367,158,179,179,http://localhost:8083/?token=468481842&user=2022905882&conf=2,709,0,0
1651763976790,704,conf #2 req,200,OK,conf #2 users 1-189,text,true,,367,158,179,179,http://localhost:8083/?token=468481842&user=2022905882&conf=2,704,0,1
1651763976781,713,conf #2 req,200,OK,conf #2 users 1-187,text,true,,367,158,179,179,http://localhost:8083/?token=468481842&user=2022905882&conf=2,713,0,1
1651763976782,712,conf #2 req,200,OK,conf #2 users 1-188,text,true,,367,158,179,179,http://localhost:8083/?token=468481842&user=2022905882&conf=2,712,0,0
1651763976798,712,conf #2 req,200,OK,conf #2 users 1-191,text,true,,367,158,180,180,http://localhost:8083/?token=468481842&user=2022905882&conf=2,712,0,0
1651763976777,733,conf #2 req,200,OK,conf #2 users 1-186,text,true,,367,158,180,180,http://localhost:8083/?token=468481842&user=2022905882&conf=2,733,0,1
1651763976794,735,conf #2 req,200,OK,conf #2 users 1-190,text,true,,367,158,183,183,http://localhost:8083/?token=468481842&user=2022905882&conf=2,735,0,1
1651763976807,731,conf #2 req,200,OK,conf #2 users 1-193,text,true,,367,158,184,184,http://localhost:8083/?token=468481842&user=2022905882&conf=2,731,0,0
1651763976815,723,conf #2 req,200,OK,conf #2 users 1-195,text,true,,367,158,184,184,http://localhost:8083/?token=468481842&user=2022905882&conf=2,723,0,1
1651763976802,743,conf #2 req,200,OK,conf #2 users 1-192,text,true,,367,158,184,184,http://localhost:8083/?token=468481842&user=2022905882&conf=2,743,0,1
1651763976815,730,conf #2 req,200,OK,conf #2 users 1-196,text,true,,367,158,184,184,http://localhost:8083/?token=468481842&user=2022905882&conf=2,730,0,0
1651763976810,735,conf #2 req,200,OK,conf #2 users 1-194,text,true,,367,158,184,184,http://localhost:8083/?token=468481842&user=2022905882&conf=2,735,0,0
1651763976830,741,conf #2 req,200,OK,conf #2 users 1-199,text,true,,367,158,187,187,http://localhost:8083/?token=468481842&user=2022905882&conf=2,741,0,0
1651763976834,737,conf #2 req,200,OK,conf #2 users 1-200,text,true,,367,158,187,187,http://localhost:8083/?token=468481842&user=2022905882&conf=2,737,0,0
1651763976822,757,conf #2 req,200,OK,conf #2 users 1-197,text,true,,367,158,187,187,http://localhost:8083/?token=468481842&user=2022905882&conf=2,757,0,1
1651763976830,749,conf #2 req,200,OK,conf #2 users 1-198,text,true,,367,158,187,187,http://localhost:8083/?token=468481842&user=2022905882&conf=2,749,0,1
1651763976842,737,conf #2 req,200,OK,conf #2 users 1-202,text,true,,367,158,187,187,http://localhost:8083/?token=468481842&user=2022905882&conf=2,737,0,0
1651763976846,755,conf #2 req,200,OK,conf #2 users 1-203,text,true,,367,158,189,189,http://localhost:8083/?token=468481842&user=2022905882&conf=2,755,0,0
1651763976847,754,conf #2 req,200,OK,conf #2 users 1-201,text,true,,367,158,189,189,http://localhost:8083/?token=468481842&user=2022905882&conf=2,754,0,0
1651763976850,760,conf #2 req,200,OK,conf #2 users 1-204,text,true,,367,158,190,190,http://localhost:8083/?token=468481842&user=2022905882&conf=2,760,0,0
1651763976858,752,conf #2 req,200,OK,conf #2 users 1-206,text,true,,367,158,190,190,http://localhost:8083/?token=468481842&user=2022905882&conf=2,752,0,1
1651763976862,756,conf #2 req,200,OK,conf #2 users 1-207,text,true,,367,158,190,190,http://localhost:8083/?token=468481842&user=2022905882&conf=2,756,0,1
1651763976854,764,conf #2 req,200,OK,conf #2 users 1-205,text,true,,367,158,190,190,http://localhost:8083/?token=468481842&user=2022905882&conf=2,764,0,0
1651763976863,755,conf #2 req,200,OK,conf #2 users 1-208,text,true,,367,158,188,188,http://localhost:8083/?token=468481842&user=2022905882&conf=2,755,0,0
1651763976870,766,conf #2 req,200,OK,conf #2 users 1-210,text,true,,367,158,192,192,http://localhost:8083/?token=468481842&user=2022905882&conf=2,766,0,1
1651763976870,766,conf #2 req,200,OK,conf #2 users 1-209,text,true,,367,158,192,192,http://localhost:8083/?token=468481842&user=2022905882&conf=2,766,0,0
1651763976887,780,conf #2 req,200,OK,conf #2 users 1-213,text,true,,367,158,197,197,http://localhost:8083/?token=468481842&user=2022905882&conf=2,780,0,0
1651763976891,776,conf #2 req,200,OK,conf #2 users 1-214,text,true,,367,158,197,197,http://localhost:8083/?token=468481842&user=2022905882&conf=2,776,0,0
1651763976883,784,conf #2 req,200,OK,conf #2 users 1-211,text,true,,367,158,197,197,http://localhost:8083/?token=468481842&user=2022905882&conf=2,784,0,0
1651763976894,784,conf #2 req,200,OK,conf #2 users 1-215,text,true,,367,158,197,197,http://localhost:8083/?token=468481842&user=2022905882&conf=2,784,0,1
1651763976899,779,conf #2 req,200,OK,conf #2 users 1-216,text,true,,367,158,197,197,http://localhost:8083/?token=468481842&user=2022905882&conf=2,779,0,0
1651763976888,790,conf #2 req,200,OK,conf #2 users 1-212,text,true,,367,158,197,197,http://localhost:8083/?token=468481842&user=2022905882&conf=2,790,0,0
1651763976902,802,conf #2 req,200,OK,conf #2 users 1-217,text,true,,367,158,200,200,http://localhost:8083/?token=468481842&user=2022905882&conf=2,802,0,1
1651763976916,788,conf #2 req,200,OK,conf #2 users 1-219,text,true,,367,158,200,200,http://localhost:8083/?token=468481842&user=2022905882&conf=2,788,0,0
1651763976923,796,conf #2 req,200,OK,conf #2 users 1-222,text,true,,367,158,202,202,http://localhost:8083/?token=468481842&user=2022905882&conf=2,796,0,1
1651763976915,804,conf #2 req,200,OK,conf #2 users 1-220,text,true,,367,158,202,202,http://localhost:8083/?token=468481842&user=2022905882&conf=2,804,0,0
1651763976907,812,conf #2 req,200,OK,conf #2 users 1-218,text,true,,367,158,202,202,http://localhost:8083/?token=468481842&user=2022905882&conf=2,812,0,0
1651763976919,809,conf #2 req,200,OK,conf #2 users 1-221,text,true,,367,158,201,201,http://localhost:8083/?token=468481842&user=2022905882&conf=2,809,0,0
1651763976927,802,conf #2 req,200,OK,conf #2 users 1-223,text,true,,367,158,201,201,http://localhost:8083/?token=468481842&user=2022905882&conf=2,802,0,1
1651763976931,823,conf #2 req,200,OK,conf #2 users 1-224,text,true,,367,158,205,205,http://localhost:8083/?token=468481842&user=2022905882&conf=2,823,0,0
1651763976930,824,conf #2 req,200,OK,conf #2 users 1-225,text,true,,367,158,205,205,http://localhost:8083/?token=468481842&user=2022905882&conf=2,824,0,0
1651763976945,822,conf #2 req,200,OK,conf #2 users 1-226,text,true,,367,158,207,207,http://localhost:8083/?token=468481842&user=2022905882&conf=2,822,0,0
1651763976947,820,conf #2 req,200,OK,conf #2 users 1-228,text,true,,367,158,207,207,http://localhost:8083/?token=468481842&user=2022905882&conf=2,820,0,0
1651763976944,823,conf #2 req,200,OK,conf #2 users 1-227,text,true,,367,158,207,207,http://localhost:8083/?token=468481842&user=2022905882&conf=2,823,0,0
1651763976950,837,conf #2 req,200,OK,conf #2 users 1-229,text,true,,367,158,209,209,http://localhost:8083/?token=468481842&user=2022905882&conf=2,837,0,1
1651763976950,845,conf #2 req,200,OK,conf #2 users 1-230,text,true,,367,158,210,210,http://localhost:8083/?token=468481842&user=2022905882&conf=2,845,0,1
1651763976959,836,conf #2 req,200,OK,conf #2 users 1-231,text,true,,367,158,210,210,http://localhost:8083/?token=468481842&user=2022905882&conf=2,836,0,0
1651763976971,846,conf #2 req,200,OK,conf #2 users 1-233,text,true,,367,158,213,213,http://localhost:8083/?token=468481842&user=2022905882&conf=2,846,0,1
1651763976974,843,conf #2 req,200,OK,conf #2 users 1-235,text,true,,367,158,212,212,http://localhost:8083/?token=468481842&user=2022905882&conf=2,843,0,1
1651763976963,854,conf #2 req,200,OK,conf #2 users 1-232,text,true,,367,158,212,212,http://localhost:8083/?token=468481842&user=2022905882&conf=2,854,0,0
1651763976979,848,conf #2 req,200,OK,conf #2 users 1-236,text,true,,367,158,213,213,http://localhost:8083/?token=468481842&user=2022905882&conf=2,848,0,0
1651763976971,856,conf #2 req,200,OK,conf #2 users 1-234,text,true,,367,158,213,213,http://localhost:8083/?token=468481842&user=2022905882&conf=2,856,0,0
1651763976982,872,conf #2 req,200,OK,conf #2 users 1-238,text,true,,367,158,217,217,http://localhost:8083/?token=468481842&user=2022905882&conf=2,872,0,0
1651763976998,860,conf #2 req,200,OK,conf #2 users 1-242,text,true,,367,158,217,217,http://localhost:8083/?token=468481842&user=2022905882&conf=2,860,0,0
1651763976994,864,conf #2 req,200,OK,conf #2 users 1-240,text,true,,367,158,217,217,http://localhost:8083/?token=468481842&user=2022905882&conf=2,864,0,1
1651763976985,873,conf #2 req,200,OK,conf #2 users 1-237,text,true,,367,158,217,217,http://localhost:8083/?token=468481842&user=2022905882&conf=2,873,0,3
1651763976990,880,conf #2 req,200,OK,conf #2 users 1-239,text,true,,367,158,218,218,http://localhost:8083/?token=468481842&user=2022905882&conf=2,880,0,1
1651763976998,872,conf #2 req,200,OK,conf #2 users 1-241,text,true,,367,158,218,218,http://localhost:8083/?token=468481842&user=2022905882&conf=2,872,0,1
1651763977002,868,conf #2 req,200,OK,conf #2 users 1-243,text,true,,367,158,218,218,http://localhost:8083/?token=468481842&user=2022905882&conf=2,868,0,0
1651763977010,882,conf #2 req,200,OK,conf #2 users 1-245,text,true,,367,158,220,220,http://localhost:8083/?token=468481842&user=2022905882&conf=2,882,0,0
1651763977011,881,conf #2 req,200,OK,conf #2 users 1-244,text,true,,367,158,220,220,http://localhost:8083/?token=468481842&user=2022905882&conf=2,881,0,2
1651763977017,892,conf #2 req,200,OK,conf #2 users 1-246,text,true,,367,158,223,223,http://localhost:8083/?token=468481842&user=2022905882&conf=2,892,0,3
1651763977022,887,conf #2 req,200,OK,conf #2 users 1-247,text,true,,367,158,223,223,http://localhost:8083/?token=468481842&user=2022905882&conf=2,887,0,0
1651763977026,911,conf #2 req,200,OK,conf #2 users 1-248,text,true,,367,158,228,228,http://localhost:8083/?token=468481842&user=2022905882&conf=2,911,0,1
1651763977030,907,conf #2 req,200,OK,conf #2 users 1-249,text,true,,367,158,228,228,http://localhost:8083/?token=468481842&user=2022905882&conf=2,907,0,1
1651763977034,903,conf #2 req,200,OK,conf #2 users 1-250,text,true,,367,158,228,228,http://localhost:8083/?token=468481842&user=2022905882&conf=2,903,0,1
1651763977043,908,conf #2 req,200,OK,conf #2 users 1-252,text,true,,367,158,228,228,http://localhost:8083/?token=468481842&user=2022905882&conf=2,908,0,0
1651763977044,907,conf #2 req,200,OK,conf #2 users 1-251,text,true,,367,158,228,228,http://localhost:8083/?token=468481842&user=2022905882&conf=2,907,0,0
1651763977047,920,conf #2 req,200,OK,conf #2 users 1-253,text,true,,367,158,230,230,http://localhost:8083/?token=468481842&user=2022905882&conf=2,920,0,0
1651763977051,917,conf #2 req,200,OK,conf #2 users 1-254,text,true,,367,158,230,230,http://localhost:8083/?token=468481842&user=2022905882&conf=2,917,0,1
1651763977055,921,conf #2 req,200,OK,conf #2 users 1-256,text,true,,367,158,230,230,http://localhost:8083/?token=468481842&user=2022905882&conf=2,921,0,0
1651763977056,920,conf #2 req,200,OK,conf #2 users 1-255,text,true,,367,158,230,230,http://localhost:8083/?token=468481842&user=2022905882&conf=2,920,0,0
1651763977063,942,conf #2 req,200,OK,conf #2 users 1-258,text,true,,367,158,235,235,http://localhost:8083/?token=468481842&user=2022905882&conf=2,942,0,1
1651763977072,933,conf #2 req,200,OK,conf #2 users 1-259,text,true,,367,158,235,235,http://localhost:8083/?token=468481842&user=2022905882&conf=2,933,0,0
1651763977064,953,conf #2 req,200,OK,conf #2 users 1-257,text,true,,367,158,236,236,http://localhost:8083/?token=468481842&user=2022905882&conf=2,953,0,0
1651763977079,938,conf #2 req,200,OK,conf #2 users 1-261,text,true,,367,158,236,236,http://localhost:8083/?token=468481842&user=2022905882&conf=2,938,0,0
1651763977075,942,conf #2 req,200,OK,conf #2 users 1-260,text,true,,367,158,236,236,http://localhost:8083/?token=468481842&user=2022905882&conf=2,942,0,0
1651763977099,947,conf #2 req,200,OK,conf #2 users 1-266,text,true,,367,158,239,239,http://localhost:8083/?token=468481842&user=2022905882&conf=2,947,0,0
1651763977092,954,conf #2 req,200,OK,conf #2 users 1-263,text,true,,367,158,239,239,http://localhost:8083/?token=468481842&user=2022905882&conf=2,954,0,1
1651763977083,974,conf #2 req,200,OK,conf #2 users 1-262,text,true,,367,158,237,237,http://localhost:8083/?token=468481842&user=2022905882&conf=2,974,0,0
1651763977095,962,conf #2 req,200,OK,conf #2 users 1-265,text,true,,367,158,237,237,http://localhost:8083/?token=468481842&user=2022905882&conf=2,962,0,0
1651763977099,958,conf #2 req,200,OK,conf #2 users 1-267,text,true,,367,158,237,237,http://localhost:8083/?token=468481842&user=2022905882&conf=2,958,0,0
1651763977087,991,conf #2 req,200,OK,conf #2 users 1-264,text,true,,367,158,234,234,http://localhost:8083/?token=468481842&user=2022905882&conf=2,991,0,0
1651763977106,972,conf #2 req,200,OK,conf #2 users 1-268,text,true,,367,158,234,234,http://localhost:8083/?token=468481842&user=2022905882&conf=2,972,0,0
1651763977110,990,conf #2 req,200,OK,conf #2 users 1-269,text,true,,367,158,232,232,http://localhost:8083/?token=468481842&user=2022905882&conf=2,990,0,0
1651763977114,986,conf #2 req,200,OK,conf #2 users 1-270,text,true,,367,158,232,232,http://localhost:8083/?token=468481842&user=2022905882&conf=2,986,0,0
1651763977127,990,conf #2 req,200,OK,conf #2 users 1-273,text,true,,367,158,230,230,http://localhost:8083/?token=468481842&user=2022905882&conf=2,990,0,0
1651763977119,1011,conf #2 req,200,OK,conf #2 users 1-271,text,true,,367,158,229,229,http://localhost:8083/?token=468481842&user=2022905882&conf=2,1011,0,0
1651763977983,147,conf #2 req,503,Service is unavailable,conf #2 users 1-486,text,false,,1453,158,229,229,http://localhost:8083/?token=468481842&user=2022905882&conf=2,147,0,0
1651763977131,999,conf #2 req,200,OK,conf #2 users 1-274,text,true,,367,158,229,229,http://localhost:8083/?token=468481842&user=2022905882&conf=2,999,0,0
1651763977123,1007,conf #2 req,200,OK,conf #2 users 1-272,text,true,,367,158,226,226,http://localhost:8083/?token=468481842&user=2022905882&conf=2,1007,0,0
1651763977975,156,conf #2 req,503,Service is unavailable,conf #2 users 1-484,text,false,,1453,158,225,225,http://localhost:8083/?token=468481842&user=2022905882&conf=2,156,0,0
1651763977991,150,conf #2 req,503,Service is unavailable,conf #2 users 1-488,text,false,,1453,158,224,224,http://localhost:8083/?token=468481842&user=2022905882&conf=2,149,0,0
1651763977987,154,conf #2 req,503,Service is unavailable,conf #2 users 1-487,text,false,,1453,158,224,224,http://localhost:8083/?token=468481842&user=2022905882&conf=2,154,0,0
1651763977142,1016,conf #2 req,200,OK,conf #2 users 1-277,text,true,,367,158,222,222,http://localhost:8083/?token=468481842&user=2022905882&conf=2,1016,0,1
1651763977144,1014,conf #2 req,200,OK,conf #2 users 1-276,text,true,,367,158,222,222,http://localhost:8083/?token=468481842&user=2022905882&conf=2,1014,0,1
1651763977154,1005,conf #2 req,200,OK,conf #2 users 1-280,text,true,,367,158,220,220,http://localhost:8083/?token=468481842&user=2022905882&conf=2,1005,0,0
1651763978001,158,conf #2 req,503,Service is unavailable,conf #2 users 1-490,text,false,,1453,158,220,220,http://localhost:8083/?token=468481842&user=2022905882&conf=2,158,0,0
1651763978009,150,conf #2 req,503,Service is unavailable,conf #2 users 1-492,text,false,,1453,158,218,218,http://localhost:8083/?token=468481842&user=2022905882&conf=2,150,0,0
1651763978005,154,conf #2 req,503,Service is unavailable,conf #2 users 1-491,text,false,,1453,158,218,218,http://localhost:8083/?token=468481842&user=2022905882&conf=2,154,0,0
1651763977146,1014,conf #2 req,200,OK,conf #2 users 1-278,text,true,,367,158,216,216,http://localhost:8083/?token=468481842&user=2022905882&conf=2,1014,0,0
1651763978016,144,conf #2 req,503,Service is unavailable,conf #2 users 1-494,text,false,,1453,158,215,215,http://localhost:8083/?token=468481842&user=2022905882&conf=2,144,0,0
1651763977997,163,conf #2 req,503,Service is unavailable,conf #2 users 1-489,text,false,,1453,158,214,214,http://localhost:8083/?token=468481842&user=2022905882&conf=2,163,0,0
1651763978012,151,conf #2 req,503,Service is unavailable,conf #2 users 1-493,text,false,,1453,158,213,213,http://localhost:8083/?token=468481842&user=2022905882&conf=2,150,0,0
1651763977150,1018,conf #2 req,200,OK,conf #2 users 1-279,text,true,,367,158,212,212,http://localhost:8083/?token=468481842&user=2022905882&conf=2,1018,0,0
1651763978019,149,conf #2 req,503,Service is unavailable,conf #2 users 1-495,text,false,,1453,158,212,212,http://localhost:8083/?token=468481842&user=2022905882&conf=2,149,0,1
1651763978023,146,conf #2 req,503,Service is unavailable,conf #2 users 1-496,text,false,,1453,158,210,210,http://localhost:8083/?token=468481842&user=2022905882&conf=2,146,0,1
1651763977141,1039,conf #2 req,200,OK,conf #2 users 1-275,text,true,,367,158,209,209,http://localhost:8083/?token=468481842&user=2022905882&conf=2,1039,0,0
1651763978028,152,conf #2 req,503,Service is unavailable,conf #2 users 1-497,text,false,,1453,158,209,209,http://localhost:8083/?token=468481842&user=2022905882&conf=2,152,0,0
1651763978031,155,conf #2 req,503,Service is unavailable,conf #2 users 1-498,text,false,,1453,158,207,207,http://localhost:8083/?token=468481842&user=2022905882&conf=2,155,0,1
1651763978035,151,conf #2 req,503,Service is unavailable,conf #2 users 1-499,text,false,,1453,158,207,207,http://localhost:8083/?token=468481842&user=2022905882&conf=2,151,0,0
1651763977162,1029,conf #2 req,200,OK,conf #2 users 1-282,text,true,,367,158,205,205,http://localhost:8083/?token=468481842&user=2022905882&conf=2,1029,0,0
1651763977158,1033,conf #2 req,200,OK,conf #2 users 1-281,text,true,,367,158,205,205,http://localhost:8083/?token=468481842&user=2022905882&conf=2,1033,0,0
1651763978039,164,conf #2 req,503,Service is unavailable,conf #2 users 1-500,text,false,,1453,158,203,203,http://localhost:8083/?token=468481842&user=2022905882&conf=2,164,0,0
1651763977170,1046,conf #2 req,200,OK,conf #2 users 1-284,text,true,,367,158,202,202,http://localhost:8083/?token=468481842&user=2022905882&conf=2,1046,0,0
1651763977175,1041,conf #2 req,200,OK,conf #2 users 1-286,text,true,,367,158,202,202,http://localhost:8083/?token=468481842&user=2022905882&conf=2,1041,0,0
1651763977166,1208,conf #2 req,200,OK,conf #2 users 1-283,text,true,,367,158,200,200,http://localhost:8083/?token=468481842&user=2022905882&conf=2,1208,0,0
1651763977191,1209,conf #2 req,200,OK,conf #2 users 1-289,text,true,,367,158,199,199,http://localhost:8083/?token=468481842&user=2022905882&conf=2,1209,0,0
1651763977170,1230,conf #2 req,200,OK,conf #2 users 1-285,text,true,,367,158,198,198,http://localhost:8083/?token=468481842&user=2022905882&conf=2,1230,0,0
1651763977194,1207,conf #2 req,200,OK,conf #2 users 1-290,text,true,,367,158,197,197,http://localhost:8083/?token=468481842&user=2022905882&conf=2,1207,0,0
1651763977184,1224,conf #2 req,200,OK,conf #2 users 1-287,text,true,,367,158,196,196,http://localhost:8083/?token=468481842&user=2022905882&conf=2,1224,0,0
1651763977188,1221,conf #2 req,200,OK,conf #2 users 1-288,text,true,,367,158,195,195,http://localhost:8083/?token=468481842&user=2022905882&conf=2,1221,0,0
1651763977198,1211,conf #2 req,200,OK,conf #2 users 1-291,text,true,,367,158,194,194,http://localhost:8083/?token=468481842&user=2022905882&conf=2,1211,0,0
1651763977210,1217,conf #2 req,200,OK,conf #2 users 1-294,text,true,,367,158,193,193,http://localhost:8083/?token=468481842&user=2022905882&conf=2,1217,0,0
1651763977202,1233,conf #2 req,200,OK,conf #2 users 1-292,text,true,,367,158,192,192,http://localhost:8083/?token=468481842&user=2022905882&conf=2,1233,0,0
1651763977206,1230,conf #2 req,200,OK,conf #2 users 1-293,text,true,,367,158,191,191,http://localhost:8083/?token=468481842&user=2022905882&conf=2,1229,0,0
1651763977210,1239,conf #2 req,200,OK,conf #2 users 1-295,text,true,,367,158,190,190,http://localhost:8083/?token=468481842&user=2022905882&conf=2,1239,0,0
1651763977223,1227,conf #2 req,200,OK,conf #2 users 1-297,text,true,,367,158,189,189,http://localhost:8083/?token=468481842&user=2022905882&conf=2,1227,0,0
1651763977218,1233,conf #2 req,200,OK,conf #2 users 1-296,text,true,,367,158,188,188,http://localhost:8083/?token=468481842&user=2022905882&conf=2,1233,0,1
1651763977231,1246,conf #2 req,200,OK,conf #2 users 1-299,text,true,,367,158,187,187,http://localhost:8083/?token=468481842&user=2022905882&conf=2,1246,0,1
1651763977244,1234,conf #2 req,200,OK,conf #2 users 1-302,text,true,,367,158,186,186,http://localhost:8083/?token=468481842&user=2022905882&conf=2,1234,0,0
1651763977241,1237,conf #2 req,200,OK,conf #2 users 1-300,text,true,,367,158,186,186,http://localhost:8083/?token=468481842&user=2022905882&conf=2,1237,0,0
1651763977226,1252,conf #2 req,200,OK,conf #2 users 1-298,text,true,,367,158,186,186,http://localhost:8083/?token=468481842&user=2022905882&conf=2,1252,0,0
1651763977248,1251,conf #2 req,200,OK,conf #2 users 1-303,text,true,,367,158,183,183,http://localhost:8083/?token=468481842&user=2022905882&conf=2,1251,0,0
1651763977252,1247,conf #2 req,200,OK,conf #2 users 1-304,text,true,,367,158,183,183,http://localhost:8083/?token=468481842&user=2022905882&conf=2,1247,0,0
1651763977245,1254,conf #2 req,200,OK,conf #2 users 1-301,text,true,,367,158,183,183,http://localhost:8083/?token=468481842&user=2022905882&conf=2,1254,0,0
1651763977256,1261,conf #2 req,200,OK,conf #2 users 1-305,text,true,,367,158,180,180,http://localhost:8083/?token=468481842&user=2022905882&conf=2,1261,0,0
1651763977255,1262,conf #2 req,200,OK,conf #2 users 1-306,text,true,,367,158,180,180,http://localhost:8083/?token=468481842&user=2022905882&conf=2,1262,0,0
1651763977263,1273,conf #2 req,200,OK,conf #2 users 1-307,text,true,,367,158,178,178,http://localhost:8083/?token=468481842&user=2022905882&conf=2,1273,0,0
1651763977267,1269,conf #2 req,200,OK,conf #2 users 1-308,text,true,,367,158,177,177,http://localhost:8083/?token=468481842&user=2022905882&conf=2,1269,0,1
1651763977271,1265,conf #2 req,200,OK,conf #2 users 1-309,text,true,,367,158,176,176,http://localhost:8083/?token=468481842&user=2022905882&conf=2,1265,0,0
1651763977274,1279,conf #2 req,200,OK,conf #2 users 1-311,text,true,,367,158,175,175,http://localhost:8083/?token=468481842&user=2022905882&conf=2,1279,0,0
1651763977282,1271,conf #2 req,200,OK,conf #2 users 1-312,text,true,,367,158,175,175,http://localhost:8083/?token=468481842&user=2022905882&conf=2,1271,0,0
1651763977275,1278,conf #2 req,200,OK,conf #2 users 1-310,text,true,,367,158,175,175,http://localhost:8083/?token=468481842&user=2022905882&conf=2,1278,0,0
1651763977290,1282,conf #2 req,200,OK,conf #2 users 1-315,text,true,,367,158,172,172,http://localhost:8083/?token=468481842&user=2022905882&conf=2,1282,0,0
1651763977297,1275,conf #2 req,200,OK,conf #2 users 1-314,text,true,,367,158,172,172,http://localhost:8083/?token=468481842&user=2022905882&conf=2,1275,0,0
1651763977286,1286,conf #2 req,200,OK,conf #2 users 1-313,text,true,,367,158,172,172,http://localhost:8083/?token=468481842&user=2022905882&conf=2,1286,0,0
1651763977310,1283,conf #2 req,200,OK,conf #2 users 1-317,text,true,,367,158,169,169,http://localhost:8083/?token=468481842&user=2022905882&conf=2,1283,0,0
1651763977301,1292,conf #2 req,200,OK,conf #2 users 1-316,text,true,,367,158,168,168,http://localhost:8083/?token=468481842&user=2022905882&conf=2,1292,0,2
1651763977312,1296,conf #2 req,200,OK,conf #2 users 1-319,text,true,,367,158,167,167,http://localhost:8083/?token=468481842&user=2022905882&conf=2,1296,0,0
1651763977315,1293,conf #2 req,200,OK,conf #2 users 1-320,text,true,,367,158,167,167,http://localhost:8083/?token=468481842&user=2022905882&conf=2,1293,0,0
1651763977319,1289,conf #2 req,200,OK,conf #2 users 1-321,text,true,,367,158,167,167,http://localhost:8083/?token=468481842&user=2022905882&conf=2,1289,0,0
1651763977323,1304,conf #2 req,200,OK,conf #2 users 1-322,text,true,,367,158,164,164,http://localhost:8083/?token=468481842&user=2022905882&conf=2,1304,0,0
1651763977308,1335,conf #2 req,200,OK,conf #2 users 1-318,text,true,,367,158,163,163,http://localhost:8083/?token=468481842&user=2022905882&conf=2,1335,0,0
1651763977335,1308,conf #2 req,200,OK,conf #2 users 1-325,text,true,,367,158,163,163,http://localhost:8083/?token=468481842&user=2022905882&conf=2,1308,0,1
1651763977327,1316,conf #2 req,200,OK,conf #2 users 1-323,text,true,,367,158,163,163,http://localhost:8083/?token=468481842&user=2022905882&conf=2,1316,0,1
1651763977339,1322,conf #2 req,200,OK,conf #2 users 1-326,text,true,,367,158,160,160,http://localhost:8083/?token=468481842&user=2022905882&conf=2,1322,0,0
1651763977348,1333,conf #2 req,200,OK,conf #2 users 1-328,text,true,,367,158,159,159,http://localhost:8083/?token=468481842&user=2022905882&conf=2,1333,0,1
1651763977343,1338,conf #2 req,200,OK,conf #2 users 1-327,text,true,,367,158,159,159,http://localhost:8083/?token=468481842&user=2022905882&conf=2,1338,0,0
1651763977340,1341,conf #2 req,200,OK,conf #2 users 1-324,text,true,,367,158,159,159,http://localhost:8083/?token=468481842&user=2022905882&conf=2,1341,0,0
1651763977352,1386,conf #2 req,200,OK,conf #2 users 1-329,text,true,,367,158,156,156,http://localhost:8083/?token=468481842&user=2022905882&conf=2,1386,0,1
1651763977356,1383,conf #2 req,200,OK,conf #2 users 1-330,text,true,,367,158,155,155,http://localhost:8083/?token=468481842&user=2022905882&conf=2,1383,0,1
1651763977359,1383,conf #2 req,200,OK,conf #2 users 1-331,text,true,,367,158,154,154,http://localhost:8083/?token=468481842&user=2022905882&conf=2,1383,0,0
1651763977358,1384,conf #2 req,200,OK,conf #2 users 1-332,text,true,,367,158,154,154,http://localhost:8083/?token=468481842&user=2022905882&conf=2,1384,0,0
1651763977367,1375,conf #2 req,200,OK,conf #2 users 1-333,text,true,,367,158,154,154,http://localhost:8083/?token=468481842&user=2022905882&conf=2,1375,0,0
1651763977372,1370,conf #2 req,200,OK,conf #2 users 1-334,text,true,,367,158,154,154,http://localhost:8083/?token=468481842&user=2022905882&conf=2,1370,0,0
1651763977379,1363,conf #2 req,200,OK,conf #2 users 1-336,text,true,,367,158,153,153,http://localhost:8083/?token=468481842&user=2022905882&conf=2,1363,0,1
1651763977376,1366,conf #2 req,200,OK,conf #2 users 1-335,text,true,,367,158,153,153,http://localhost:8083/?token=468481842&user=2022905882&conf=2,1366,0,1
1651763977383,1375,conf #2 req,200,OK,conf #2 users 1-337,text,true,,367,158,148,148,http://localhost:8083/?token=468481842&user=2022905882&conf=2,1375,0,0
1651763977387,1371,conf #2 req,200,OK,conf #2 users 1-338,text,true,,367,158,148,148,http://localhost:8083/?token=468481842&user=2022905882&conf=2,1371,0,0
1651763977391,1367,conf #2 req,200,OK,conf #2 users 1-339,text,true,,367,158,148,148,http://localhost:8083/?token=468481842&user=2022905882&conf=2,1367,0,0
1651763977395,1386,conf #2 req,200,OK,conf #2 users 1-340,text,true,,367,158,145,145,http://localhost:8083/?token=468481842&user=2022905882&conf=2,1386,0,0
1651763977408,1395,conf #2 req,200,OK,conf #2 users 1-341,text,true,,367,158,144,144,http://localhost:8083/?token=468481842&user=2022905882&conf=2,1395,0,0
1651763977403,1400,conf #2 req,200,OK,conf #2 users 1-342,text,true,,367,158,144,144,http://localhost:8083/?token=468481842&user=2022905882&conf=2,1400,0,1
1651763977416,1406,conf #2 req,200,OK,conf #2 users 1-343,text,true,,367,158,142,142,http://localhost:8083/?token=468481842&user=2022905882&conf=2,1406,0,1
1651763977412,1410,conf #2 req,200,OK,conf #2 users 1-344,text,true,,367,158,142,142,http://localhost:8083/?token=468481842&user=2022905882&conf=2,1410,0,1
1651763977420,1417,conf #2 req,200,OK,conf #2 users 1-346,text,true,,367,158,140,140,http://localhost:8083/?token=468481842&user=2022905882&conf=2,1417,0,1
1651763977416,1421,conf #2 req,200,OK,conf #2 users 1-345,text,true,,367,158,140,140,http://localhost:8083/?token=468481842&user=2022905882&conf=2,1421,0,1
1651763977422,1415,conf #2 req,200,OK,conf #2 users 1-348,text,true,,367,158,140,140,http://localhost:8083/?token=468481842&user=2022905882&conf=2,1415,0,0
1651763977432,1428,conf #2 req,200,OK,conf #2 users 1-347,text,true,,367,158,137,137,http://localhost:8083/?token=468481842&user=2022905882&conf=2,1428,0,0
1651763977434,1426,conf #2 req,200,OK,conf #2 users 1-351,text,true,,367,158,136,136,http://localhost:8083/?token=468481842&user=2022905882&conf=2,1426,0,0
1651763977432,1447,conf #2 req,200,OK,conf #2 users 1-349,text,true,,367,158,135,135,http://localhost:8083/?token=468481842&user=2022905882&conf=2,1447,0,0
1651763977445,1461,conf #2 req,200,OK,conf #2 users 1-350,text,true,,367,158,134,134,http://localhost:8083/?token=468481842&user=2022905882&conf=2,1461,0,0
1651763977447,1459,conf #2 req,200,OK,conf #2 users 1-353,text,true,,367,158,134,134,http://localhost:8083/?token=468481842&user=2022905882&conf=2,1459,0,0
1651763977444,1462,conf #2 req,200,OK,conf #2 users 1-352,text,true,,367,158,134,134,http://localhost:8083/?token=468481842&user=2022905882&conf=2,1462,0,0
1651763977461,1477,conf #2 req,200,OK,conf #2 users 1-354,text,true,,367,158,131,131,http://localhost:8083/?token=468481842&user=2022905882&conf=2,1477,0,0
1651763977461,1477,conf #2 req,200,OK,conf #2 users 1-356,text,true,,367,158,131,131,http://localhost:8083/?token=468481842&user=2022905882&conf=2,1477,0,0
1651763977464,1494,conf #2 req,200,OK,conf #2 users 1-355,text,true,,367,158,129,129,http://localhost:8083/?token=468481842&user=2022905882&conf=2,1494,0,1
1651763977466,1492,conf #2 req,200,OK,conf #2 users 1-359,text,true,,367,158,129,129,http://localhost:8083/?token=468481842&user=2022905882&conf=2,1492,0,1
1651763977464,1494,conf #2 req,200,OK,conf #2 users 1-357,text,true,,367,158,129,129,http://localhost:8083/?token=468481842&user=2022905882&conf=2,1494,0,1
1651763977468,1524,conf #2 req,200,OK,conf #2 users 1-358,text,true,,367,158,126,126,http://localhost:8083/?token=468481842&user=2022905882&conf=2,1524,0,1
1651763977476,1516,conf #2 req,200,OK,conf #2 users 1-360,text,true,,367,158,126,126,http://localhost:8083/?token=468481842&user=2022905882&conf=2,1516,0,1
1651763977484,1537,conf #2 req,200,OK,conf #2 users 1-362,text,true,,367,158,124,124,http://localhost:8083/?token=468481842&user=2022905882&conf=2,1537,0,1
1651763977474,1548,conf #2 req,200,OK,conf #2 users 1-361,text,true,,367,158,123,123,http://localhost:8083/?token=468481842&user=2022905882&conf=2,1548,0,1
1651763977488,1556,conf #2 req,200,OK,conf #2 users 1-363,text,true,,367,158,122,122,http://localhost:8083/?token=468481842&user=2022905882&conf=2,1556,0,0
1651763977500,1544,conf #2 req,200,OK,conf #2 users 1-366,text,true,,367,158,122,122,http://localhost:8083/?token=468481842&user=2022905882&conf=2,1544,0,0
1651763977496,1568,conf #2 req,200,OK,conf #2 users 1-365,text,true,,367,158,120,120,http://localhost:8083/?token=468481842&user=2022905882&conf=2,1568,0,0
1651763977492,1572,conf #2 req,200,OK,conf #2 users 1-364,text,true,,367,158,120,120,http://localhost:8083/?token=468481842&user=2022905882&conf=2,1572,0,0
1651763977504,1580,conf #2 req,200,OK,conf #2 users 1-367,text,true,,367,158,118,118,http://localhost:8083/?token=468481842&user=2022905882&conf=2,1580,0,0
1651763977512,1590,conf #2 req,200,OK,conf #2 users 1-369,text,true,,367,158,117,117,http://localhost:8083/?token=468481842&user=2022905882&conf=2,1590,0,0
1651763977516,1586,conf #2 req,200,OK,conf #2 users 1-370,text,true,,367,158,117,117,http://localhost:8083/?token=468481842&user=2022905882&conf=2,1586,0,0
1651763977508,1594,conf #2 req,200,OK,conf #2 users 1-368,text,true,,367,158,116,116,http://localhost:8083/?token=468481842&user=2022905882&conf=2,1594,0,0
1651763977520,1602,conf #2 req,200,OK,conf #2 users 1-371,text,true,,367,158,114,114,http://localhost:8083/?token=468481842&user=2022905882&conf=2,1602,0,0
1651763977528,1625,conf #2 req,200,OK,conf #2 users 1-373,text,true,,367,158,113,113,http://localhost:8083/?token=468481842&user=2022905882&conf=2,1625,0,0
1651763977532,1638,conf #2 req,200,OK,conf #2 users 1-374,text,true,,367,158,112,112,http://localhost:8083/?token=468481842&user=2022905882&conf=2,1638,0,0
1651763977524,1646,conf #2 req,200,OK,conf #2 users 1-372,text,true,,367,158,112,112,http://localhost:8083/?token=468481842&user=2022905882&conf=2,1646,0,0
1651763977541,1629,conf #2 req,200,OK,conf #2 users 1-376,text,true,,367,158,112,112,http://localhost:8083/?token=468481842&user=2022905882&conf=2,1629,0,0
1651763977536,1654,conf #2 req,200,OK,conf #2 users 1-375,text,true,,367,158,109,109,http://localhost:8083/?token=468481842&user=2022905882&conf=2,1654,0,1
1651763977548,1663,conf #2 req,200,OK,conf #2 users 1-378,text,true,,367,158,108,108,http://localhost:8083/?token=468481842&user=2022905882&conf=2,1663,0,1
1651763977544,1667,conf #2 req,200,OK,conf #2 users 1-377,text,true,,367,158,108,108,http://localhost:8083/?token=468481842&user=2022905882&conf=2,1667,0,0
1651763977556,1675,conf #2 req,200,OK,conf #2 users 1-380,text,true,,367,158,106,106,http://localhost:8083/?token=468481842&user=2022905882&conf=2,1675,0,0
1651763977552,1679,conf #2 req,200,OK,conf #2 users 1-379,text,true,,367,158,106,106,http://localhost:8083/?token=468481842&user=2022905882&conf=2,1679,0,1
1651763977565,1708,conf #2 req,200,OK,conf #2 users 1-382,text,true,,367,158,104,104,http://localhost:8083/?token=468481842&user=2022905882&conf=2,1708,0,1
1651763977569,1704,conf #2 req,200,OK,conf #2 users 1-383,text,true,,367,158,104,104,http://localhost:8083/?token=468481842&user=2022905882&conf=2,1704,0,0
1651763977561,1732,conf #2 req,200,OK,conf #2 users 1-381,text,true,,367,158,102,102,http://localhost:8083/?token=468481842&user=2022905882&conf=2,1732,0,0
1651763977584,1730,conf #2 req,200,OK,conf #2 users 1-387,text,true,,367,158,101,101,http://localhost:8083/?token=468481842&user=2022905882&conf=2,1730,0,1
1651763977578,1736,conf #2 req,200,OK,conf #2 users 1-385,text,true,,367,158,101,101,http://localhost:8083/?token=468481842&user=2022905882&conf=2,1736,0,0
1651763977580,1754,conf #2 req,200,OK,conf #2 users 1-386,text,true,,367,158,99,99,http://localhost:8083/?token=468481842&user=2022905882&conf=2,1754,0,1
1651763977573,1761,conf #2 req,200,OK,conf #2 users 1-384,text,true,,367,158,99,99,http://localhost:8083/?token=468481842&user=2022905882&conf=2,1761,0,0
1651763977589,1766,conf #2 req,200,OK,conf #2 users 1-388,text,true,,367,158,97,97,http://localhost:8083/?token=468481842&user=2022905882&conf=2,1766,0,1
1651763977601,1776,conf #2 req,200,OK,conf #2 users 1-391,text,true,,367,158,96,96,http://localhost:8083/?token=468481842&user=2022905882&conf=2,1776,0,1
1651763977613,1784,conf #2 req,200,OK,conf #2 users 1-394,text,true,,367,158,95,95,http://localhost:8083/?token=468481842&user=2022905882&conf=2,1784,0,0
1651763977605,1793,conf #2 req,200,OK,conf #2 users 1-392,text,true,,367,158,95,95,http://localhost:8083/?token=468481842&user=2022905882&conf=2,1793,0,1
1651763977593,1824,conf #2 req,200,OK,conf #2 users 1-389,text,true,,367,158,93,93,http://localhost:8083/?token=468481842&user=2022905882&conf=2,1824,0,1
1651763977609,1808,conf #2 req,200,OK,conf #2 users 1-393,text,true,,367,158,92,92,http://localhost:8083/?token=468481842&user=2022905882&conf=2,1808,0,0
1651763977597,1840,conf #2 req,200,OK,conf #2 users 1-390,text,true,,367,158,91,91,http://localhost:8083/?token=468481842&user=2022905882&conf=2,1840,0,1
1651763977623,1834,conf #2 req,200,OK,conf #2 users 1-396,text,true,,367,158,90,90,http://localhost:8083/?token=468481842&user=2022905882&conf=2,1834,0,2
1651763977630,1827,conf #2 req,200,OK,conf #2 users 1-398,text,true,,367,158,90,90,http://localhost:8083/?token=468481842&user=2022905882&conf=2,1827,0,0
1651763977617,1860,conf #2 req,200,OK,conf #2 users 1-395,text,true,,367,158,88,88,http://localhost:8083/?token=468481842&user=2022905882&conf=2,1860,0,0
1651763977626,1851,conf #2 req,200,OK,conf #2 users 1-397,text,true,,367,158,88,88,http://localhost:8083/?token=468481842&user=2022905882&conf=2,1851,0,0
1651763977628,1869,conf #2 req,200,OK,conf #2 users 1-399,text,true,,367,158,86,86,http://localhost:8083/?token=468481842&user=2022905882&conf=2,1869,0,0
1651763977631,1886,conf #2 req,200,OK,conf #2 users 1-400,text,true,,367,158,85,85,http://localhost:8083/?token=468481842&user=2022905882&conf=2,1886,0,0
1651763977642,1895,conf #2 req,200,OK,conf #2 users 1-401,text,true,,367,158,84,84,http://localhost:8083/?token=468481842&user=2022905882&conf=2,1895,0,0
1651763977644,1893,conf #2 req,200,OK,conf #2 users 1-402,text,true,,367,158,83,83,http://localhost:8083/?token=468481842&user=2022905882&conf=2,1893,0,0
1651763977648,1908,conf #2 req,200,OK,conf #2 users 1-403,text,true,,367,158,82,82,http://localhost:8083/?token=468481842&user=2022905882&conf=2,1908,0,0
1651763977656,1921,conf #2 req,200,OK,conf #2 users 1-405,text,true,,367,158,81,81,http://localhost:8083/?token=468481842&user=2022905882&conf=2,1921,0,0
1651763977652,1925,conf #2 req,200,OK,conf #2 users 1-404,text,true,,367,158,80,80,http://localhost:8083/?token=468481842&user=2022905882&conf=2,1925,0,0
1651763977665,1953,conf #2 req,200,OK,conf #2 users 1-407,text,true,,367,158,79,79,http://localhost:8083/?token=468481842&user=2022905882&conf=2,1953,0,0
1651763977661,1957,conf #2 req,200,OK,conf #2 users 1-406,text,true,,367,158,78,78,http://localhost:8083/?token=468481842&user=2022905882&conf=2,1957,0,1
1651763977673,1965,conf #2 req,200,OK,conf #2 users 1-409,text,true,,367,158,77,77,http://localhost:8083/?token=468481842&user=2022905882&conf=2,1965,0,0
1651763977669,1969,conf #2 req,200,OK,conf #2 users 1-408,text,true,,367,158,77,77,http://localhost:8083/?token=468481842&user=2022905882&conf=2,1969,0,0
1651763977682,1979,conf #2 req,200,OK,conf #2 users 1-411,text,true,,367,158,75,75,http://localhost:8083/?token=468481842&user=2022905882&conf=2,1979,0,0
1651763977678,2004,conf #2 req,200,OK,conf #2 users 1-410,text,true,,367,158,74,74,http://localhost:8083/?token=468481842&user=2022905882&conf=2,2004,0,0
1651763977690,2013,conf #2 req,200,OK,conf #2 users 1-413,text,true,,367,158,73,73,http://localhost:8083/?token=468481842&user=2022905882&conf=2,2013,0,0
1651763977686,2037,conf #2 req,200,OK,conf #2 users 1-414,text,true,,367,158,72,72,http://localhost:8083/?token=468481842&user=2022905882&conf=2,2037,0,0
1651763977687,2037,conf #2 req,200,OK,conf #2 users 1-412,text,true,,367,158,71,71,http://localhost:8083/?token=468481842&user=2022905882&conf=2,2036,0,2
1651763977701,2043,conf #2 req,200,OK,conf #2 users 1-416,text,true,,367,158,70,70,http://localhost:8083/?token=468481842&user=2022905882&conf=2,2043,0,0
1651763977706,2058,conf #2 req,200,OK,conf #2 users 1-417,text,true,,367,158,69,69,http://localhost:8083/?token=468481842&user=2022905882&conf=2,2058,0,1
1651763977699,2066,conf #2 req,200,OK,conf #2 users 1-415,text,true,,367,158,68,68,http://localhost:8083/?token=468481842&user=2022905882&conf=2,2065,0,0
1651763977722,2082,conf #2 req,200,OK,conf #2 users 1-421,text,true,,367,158,67,67,http://localhost:8083/?token=468481842&user=2022905882&conf=2,2082,0,1
1651763977710,2095,conf #2 req,200,OK,conf #2 users 1-418,text,true,,367,158,66,66,http://localhost:8083/?token=468481842&user=2022905882&conf=2,2095,0,1
1651763977714,2110,conf #2 req,200,OK,conf #2 users 1-419,text,true,,367,158,65,65,http://localhost:8083/?token=468481842&user=2022905882&conf=2,2110,0,1
1651763977718,2106,conf #2 req,200,OK,conf #2 users 1-420,text,true,,367,158,65,65,http://localhost:8083/?token=468481842&user=2022905882&conf=2,2106,0,1
1651763977725,2120,conf #2 req,200,OK,conf #2 users 1-422,text,true,,367,158,63,63,http://localhost:8083/?token=468481842&user=2022905882&conf=2,2120,0,0
1651763977730,2134,conf #2 req,200,OK,conf #2 users 1-425,text,true,,367,158,62,62,http://localhost:8083/?token=468481842&user=2022905882&conf=2,2134,0,0
1651763977733,2150,conf #2 req,200,OK,conf #2 users 1-424,text,true,,367,158,61,61,http://localhost:8083/?token=468481842&user=2022905882&conf=2,2150,0,0
1651763977729,2155,conf #2 req,200,OK,conf #2 users 1-423,text,true,,367,158,61,61,http://localhost:8083/?token=468481842&user=2022905882&conf=2,2154,0,0
1651763977745,2179,conf #2 req,200,OK,conf #2 users 1-427,text,true,,367,158,59,59,http://localhost:8083/?token=468481842&user=2022905882&conf=2,2179,0,0
1651763977742,2182,conf #2 req,200,OK,conf #2 users 1-426,text,true,,367,158,59,59,http://localhost:8083/?token=468481842&user=2022905882&conf=2,2182,0,0
1651763977751,2213,conf #2 req,200,OK,conf #2 users 1-428,text,true,,367,158,57,57,http://localhost:8083/?token=468481842&user=2022905882&conf=2,2213,0,0
1651763977763,2201,conf #2 req,200,OK,conf #2 users 1-431,text,true,,367,158,57,57,http://localhost:8083/?token=468481842&user=2022905882&conf=2,2201,0,0
1651763977759,2225,conf #2 req,200,OK,conf #2 users 1-430,text,true,,367,158,55,55,http://localhost:8083/?token=468481842&user=2022905882&conf=2,2225,0,0
1651763977755,2250,conf #2 req,200,OK,conf #2 users 1-429,text,true,,367,158,54,54,http://localhost:8083/?token=468481842&user=2022905882&conf=2,2250,0,0
1651763977770,2256,conf #2 req,200,OK,conf #2 users 1-435,text,true,,367,158,53,53,http://localhost:8083/?token=468481842&user=2022905882&conf=2,2256,0,0
1651763977770,2256,conf #2 req,200,OK,conf #2 users 1-433,text,true,,367,158,52,52,http://localhost:8083/?token=468481842&user=2022905882&conf=2,2256,0,1
1651763977767,2279,conf #2 req,200,OK,conf #2 users 1-432,text,true,,367,158,51,51,http://localhost:8083/?token=468481842&user=2022905882&conf=2,2279,0,0
1651763977787,2298,conf #2 req,200,OK,conf #2 users 1-437,text,true,,367,158,50,50,http://localhost:8083/?token=468481842&user=2022905882&conf=2,2298,0,1
1651763977783,2302,conf #2 req,200,OK,conf #2 users 1-436,text,true,,367,158,50,50,http://localhost:8083/?token=468481842&user=2022905882&conf=2,2302,0,1
1651763977774,2331,conf #2 req,200,OK,conf #2 users 1-434,text,true,,367,158,48,48,http://localhost:8083/?token=468481842&user=2022905882&conf=2,2331,0,1
1651763977799,2328,conf #2 req,200,OK,conf #2 users 1-440,text,true,,367,158,47,47,http://localhost:8083/?token=468481842&user=2022905882&conf=2,2328,0,0
1651763977795,2351,conf #2 req,200,OK,conf #2 users 1-439,text,true,,367,158,46,46,http://localhost:8083/?token=468481842&user=2022905882&conf=2,2351,0,1
1651763977791,2377,conf #2 req,200,OK,conf #2 users 1-438,text,true,,367,158,45,45,http://localhost:8083/?token=468481842&user=2022905882&conf=2,2377,0,1
1651763977812,2378,conf #2 req,200,OK,conf #2 users 1-443,text,true,,367,158,44,44,http://localhost:8083/?token=468481842&user=2022905882&conf=2,2378,0,0
1651763977803,2387,conf #2 req,200,OK,conf #2 users 1-441,text,true,,367,158,43,43,http://localhost:8083/?token=468481842&user=2022905882&conf=2,2387,0,0
1651763977807,2403,conf #2 req,200,OK,conf #2 users 1-442,text,true,,367,158,42,42,http://localhost:8083/?token=468481842&user=2022905882&conf=2,2403,0,0
1651763977814,2416,conf #2 req,200,OK,conf #2 users 1-444,text,true,,367,158,41,41,http://localhost:8083/?token=468481842&user=2022905882&conf=2,2416,0,0
1651763977830,2419,conf #2 req,200,OK,conf #2 users 1-448,text,true,,367,158,40,40,http://localhost:8083/?token=468481842&user=2022905882&conf=2,2419,0,0
1651763977818,2451,conf #2 req,200,OK,conf #2 users 1-445,text,true,,367,158,39,39,http://localhost:8083/?token=468481842&user=2022905882&conf=2,2451,0,0
1651763977822,2466,conf #2 req,200,OK,conf #2 users 1-446,text,true,,367,158,38,38,http://localhost:8083/?token=468481842&user=2022905882&conf=2,2466,0,0
1651763977826,2462,conf #2 req,200,OK,conf #2 users 1-447,text,true,,367,158,38,38,http://localhost:8083/?token=468481842&user=2022905882&conf=2,2462,0,0
1651763977834,2474,conf #2 req,200,OK,conf #2 users 1-449,text,true,,367,158,36,36,http://localhost:8083/?token=468481842&user=2022905882&conf=2,2474,0,0
1651763977842,2507,conf #2 req,200,OK,conf #2 users 1-451,text,true,,367,158,35,35,http://localhost:8083/?token=468481842&user=2022905882&conf=2,2507,0,0
1651763977848,2501,conf #2 req,200,OK,conf #2 users 1-452,text,true,,367,158,35,35,http://localhost:8083/?token=468481842&user=2022905882&conf=2,2501,0,1
1651763977838,2531,conf #2 req,200,OK,conf #2 users 1-450,text,true,,367,158,33,33,http://localhost:8083/?token=468481842&user=2022905882&conf=2,2531,0,0
1651763977859,2549,conf #2 req,200,OK,conf #2 users 1-455,text,true,,367,158,32,32,http://localhost:8083/?token=468481842&user=2022905882&conf=2,2549,0,0
1651763977863,2545,conf #2 req,200,OK,conf #2 users 1-456,text,true,,367,158,31,31,http://localhost:8083/?token=468481842&user=2022905882&conf=2,2545,0,0
1651763977862,2566,conf #2 req,200,OK,conf #2 users 1-458,text,true,,367,158,30,30,http://localhost:8083/?token=468481842&user=2022905882&conf=2,2566,0,0
1651763977867,2582,conf #2 req,200,OK,conf #2 users 1-457,text,true,,367,158,29,29,http://localhost:8083/?token=468481842&user=2022905882&conf=2,2582,0,0
1651763977855,2614,conf #2 req,200,OK,conf #2 users 1-454,text,true,,367,158,28,28,http://localhost:8083/?token=468481842&user=2022905882&conf=2,2614,0,0
1651763977851,2638,conf #2 req,200,OK,conf #2 users 1-453,text,true,,367,158,27,27,http://localhost:8083/?token=468481842&user=2022905882&conf=2,2638,0,1
1651763977879,2630,conf #2 req,200,OK,conf #2 users 1-462,text,true,,367,158,26,26,http://localhost:8083/?token=468481842&user=2022905882&conf=2,2630,0,0
1651763977883,2646,conf #2 req,200,OK,conf #2 users 1-461,text,true,,367,158,25,25,http://localhost:8083/?token=468481842&user=2022905882&conf=2,2646,0,0
1651763977875,2674,conf #2 req,200,OK,conf #2 users 1-459,text,true,,367,158,24,24,http://localhost:8083/?token=468481842&user=2022905882&conf=2,2674,0,0
1651763977879,2689,conf #2 req,200,OK,conf #2 users 1-460,text,true,,367,158,23,23,http://localhost:8083/?token=468481842&user=2022905882&conf=2,2689,0,0
1651763977899,2689,conf #2 req,200,OK,conf #2 users 1-465,text,true,,367,158,22,22,http://localhost:8083/?token=468481842&user=2022905882&conf=2,2689,0,0
1651763977895,2713,conf #2 req,200,OK,conf #2 users 1-464,text,true,,367,158,21,21,http://localhost:8083/?token=468481842&user=2022905882&conf=2,2713,0,0
1651763977891,2736,conf #2 req,200,OK,conf #2 users 1-463,text,true,,367,158,20,20,http://localhost:8083/?token=468481842&user=2022905882&conf=2,2736,0,0
1651763977904,2744,conf #2 req,200,OK,conf #2 users 1-466,text,true,,367,158,19,19,http://localhost:8083/?token=468481842&user=2022905882&conf=2,2744,0,1
1651763977902,2766,conf #2 req,200,OK,conf #2 users 1-468,text,true,,367,158,18,18,http://localhost:8083/?token=468481842&user=2022905882&conf=2,2766,0,1
1651763977907,2781,conf #2 req,200,OK,conf #2 users 1-467,text,true,,367,158,17,17,http://localhost:8083/?token=468481842&user=2022905882&conf=2,2781,0,1
1651763977915,2792,conf #2 req,200,OK,conf #2 users 1-469,text,true,,367,158,16,16,http://localhost:8083/?token=468481842&user=2022905882&conf=2,2792,0,1
1651763977930,2798,conf #2 req,200,OK,conf #2 users 1-475,text,true,,367,158,15,15,http://localhost:8083/?token=468481842&user=2022905882&conf=2,2798,0,0
1651763977919,2829,conf #2 req,200,OK,conf #2 users 1-470,text,true,,367,158,14,14,http://localhost:8083/?token=468481842&user=2022905882&conf=2,2829,0,1
1651763977927,2841,conf #2 req,200,OK,conf #2 users 1-474,text,true,,367,158,13,13,http://localhost:8083/?token=468481842&user=2022905882&conf=2,2841,0,0
1651763977927,2861,conf #2 req,200,OK,conf #2 users 1-472,text,true,,367,158,12,12,http://localhost:8083/?token=468481842&user=2022905882&conf=2,2861,0,0
1651763977923,2884,conf #2 req,200,OK,conf #2 users 1-471,text,true,,367,158,11,11,http://localhost:8083/?token=468481842&user=2022905882&conf=2,2884,0,0
1651763977931,2896,conf #2 req,200,OK,conf #2 users 1-473,text,true,,367,158,10,10,http://localhost:8083/?token=468481842&user=2022905882&conf=2,2896,0,0
1651763977944,2903,conf #2 req,200,OK,conf #2 users 1-476,text,true,,367,158,9,9,http://localhost:8083/?token=468481842&user=2022905882&conf=2,2903,0,0
1651763977948,2920,conf #2 req,200,OK,conf #2 users 1-477,text,true,,367,158,8,8,http://localhost:8083/?token=468481842&user=2022905882&conf=2,2920,0,0
1651763977951,2937,conf #2 req,200,OK,conf #2 users 1-478,text,true,,367,158,7,7,http://localhost:8083/?token=468481842&user=2022905882&conf=2,2937,0,0
1651763977946,2962,conf #2 req,200,OK,conf #2 users 1-479,text,true,,367,158,6,6,http://localhost:8083/?token=468481842&user=2022905882&conf=2,2962,0,0
1651763977959,2988,conf #2 req,200,OK,conf #2 users 1-480,text,true,,367,158,5,5,http://localhost:8083/?token=468481842&user=2022905882&conf=2,2988,0,1
1651763977963,3004,conf #2 req,200,OK,conf #2 users 1-481,text,true,,367,158,4,4,http://localhost:8083/?token=468481842&user=2022905882&conf=2,3004,0,0
1651763977967,3020,conf #2 req,200,OK,conf #2 users 1-482,text,true,,367,158,3,3,http://localhost:8083/?token=468481842&user=2022905882&conf=2,3020,0,0
1651763977971,3035,conf #2 req,200,OK,conf #2 users 1-483,text,true,,367,158,2,2,http://localhost:8083/?token=468481842&user=2022905882&conf=2,3035,0,0
1651763977979,3047,conf #2 req,200,OK,conf #2 users 1-485,text,true,,367,158,1,1,http://localhost:8083/?token=468481842&user=2022905882&conf=2,3047,0,0
